Type_code,Type,amount,nameOrig,nameDest,isFraud,Pattern
1,CASH_IN,500,13,13,1,1
1,CASH_IN,500,14,14,1,1
1,CASH_IN,500,15,15,1,1
1,CASH_IN,"4,000.00",16,16,1,1
2,TRANSFER,159,13,17,1,1
2,TRANSFER,467,14,18,1,1
2,TRANSFER,450,15,19,1,1
2,TRANSFER,"3,451.00",16,20,1,1
2,TRANSFER,159,17,21,1,1
2,TRANSFER,467,18,22,1,1
2,TRANSFER,450,19,21,1,1
2,TRANSFER,"3,451.00",20,22,1,1
2,TRANSFER,251,21,23,1,1
2,TRANSFER,358,21,24,1,1
2,TRANSFER,"1,847.00",22,25,1,1
2,TRANSFER,"2,061.00",22,26,1,1
2,TRANSFER,251,23,27,1,1
2,TRANSFER,358,24,28,1,1
2,TRANSFER,"1,847.00",25,28,1,1
2,TRANSFER,"2,061.00",26,28,1,1
4,CASH_OUT,200,27,27,1,1
4,CASH_OUT,"3,500.00",28,28,1,1
1,CASH_IN,"5,000.00",1,1,1,2
2,TRANSFER,"5,011.00",1,2,1,2
2,TRANSFER,"2,367.00",1,3,1,2
2,TRANSFER,"4,376.00",1,4,1,2
2,TRANSFER,"5,011.00",2,5,1,2
2,TRANSFER,"2,367.00",3,5,1,2
2,TRANSFER,"3,487.00",5,6,1,2
2,TRANSFER,"3,881.00",5,7,1,2
2,TRANSFER,"3,487.00",6,8,1,2
2,TRANSFER,"3,881.00",7,8,1,2
2,TRANSFER,"7,378.00",8,9,1,2
2,TRANSFER,"4,376.00",4,10,1,2
2,TRANSFER,"4,376.00",10,11,1,2
2,TRANSFER,"4,376.00",11,12,1,2
2,TRANSFER,"7,378.00",9,12,1,2
4,CASH_OUT,"7,000.00",12,12,1,2
1,CASH_IN,"1,000.00",29,29,1,3
1,CASH_IN,"4,000.00",30,30,1,3
1,CASH_IN,200,31,31,1,3
2,TRANSFER,987,29,32,1,3
2,TRANSFER,"3,801.00",30,32,1,3
2,TRANSFER,198,31,33,1,3
2,TRANSFER,"4,788.00",32,34,1,3
2,TRANSFER,198,33,34,1,3
2,TRANSFER,"2,158.00",34,35,1,3
2,TRANSFER,853,34,36,1,3
2,TRANSFER,"1,975.00",34,37,1,3
2,TRANSFER,"2,158.00",35,38,1,3
2,TRANSFER,853,36,38,1,3
2,TRANSFER,501,38,37,1,3
2,TRANSFER,352,38,39,1,3
2,TRANSFER,"2,467.00",37,40,1,3
2,TRANSFER,"2,467.00",40,39,1,3
4,CASH_OUT,"3,500.00",39,39,1,3
1,CASH_IN,"5,500.00",41,41,1,4
2,TRANSFER,"2,566.00",41,42,1,4
2,TRANSFER,"3,300.00",41,43,1,4
2,TRANSFER,"3,700.00",41,44,1,4
2,TRANSFER,"1,332.00",42,45,1,4
2,TRANSFER,"1,234.00",42,46,1,4
2,TRANSFER,"1,299.00",43,47,1,4
2,TRANSFER,"2,011.00",43,48,1,4
2,TRANSFER,100,44,49,1,4
2,TRANSFER,"3,600.00",44,50,1,4
2,TRANSFER,"1,332.00",45,51,1,4
2,TRANSFER,600,46,47,1,4
2,TRANSFER,632,46,51,1,4
2,TRANSFER,30,49,48,1,4
2,TRANSFER,45,49,52,1,4
2,TRANSFER,25,49,53,1,4
2,TRANSFER,"3,600.00",50,53,1,4
2,TRANSFER,"2,487.00",51,54,1,4
2,TRANSFER,"1,378.00",51,55,1,4
2,TRANSFER,"2,031.00",48,55,1,4
2,TRANSFER,"2,750.00",55,52,1,4
2,TRANSFER,"1,541.00",52,56,1,4
2,TRANSFER,"3,625.00",53,56,1,4
2,TRANSFER,659,55,54,1,4
2,TRANSFER,"1,254.00",52,57,1,4
2,TRANSFER,"3,146.00",54,58,1,4
2,TRANSFER,"1,254.00",57,58,1,4
2,TRANSFER,"3,625.00",56,57,1,4
2,TRANSFER,"1,899.00",47,51,1,4
2,TRANSFER,"4,879.00",57,58,1,4
4,CASH_OUT,"4,500.00",58,58,1,4
1,CASH_IN,"5,000.00",59,59,1,5
1,CASH_IN,"5,000.00",60,60,1,5
2,TRANSFER,"2,500.00",59,61,1,5
2,TRANSFER,"2,500.00",59,62,1,5
2,TRANSFER,"2,500.00",60,63,1,5
2,TRANSFER,"2,500.00",60,64,1,5
2,TRANSFER,"2,500.00",61,65,1,5
2,TRANSFER,"1,250.00",65,62,1,5
2,TRANSFER,"1,250.00",65,66,1,5
2,TRANSFER,"5,000.00",66,67,1,5
2,TRANSFER,"5,000.00",67,68,1,5
2,TRANSFER,"2,500.00",68,69,1,5
2,TRANSFER,"2,500.00",68,70,1,5
2,TRANSFER,"3,750.00",62,71,1,5
2,TRANSFER,"3,750.00",71,66,1,5
2,TRANSFER,"3,000.00",71,63,1,5
2,TRANSFER,"5,500.00",63,72,1,5
2,TRANSFER,"5,500.00",72,73,1,5
2,TRANSFER,"3,000.00",73,71,1,5
2,TRANSFER,"2,500.00",73,69,1,5
2,TRANSFER,"7,500.00",69,74,1,5
2,TRANSFER,"7,500.00",74,70,1,5
2,TRANSFER,"2,500.00",64,75,1,5
2,TRANSFER,"2,500.00",75,73,1,5
4,CASH_OUT,"5,699.00",70,70,1,5
1,CASH_IN,"5,000.00",76,76,1,6
1,CASH_IN,"4,000.00",77,77,1,6
1,CASH_IN,"5,000.00",78,78,1,6
2,TRANSFER,"2,500.00",76,79,1,6
2,TRANSFER,"2,500.00",76,80,1,6
2,TRANSFER,"1,250.00",77,80,1,6
2,TRANSFER,"2,750.00",77,81,1,6
2,TRANSFER,"1,600.00",78,82,1,6
2,TRANSFER,"1,700.00",78,83,1,6
2,TRANSFER,"1,700.00",78,81,1,6
2,TRANSFER,"2,500.00",79,84,1,6
2,TRANSFER,"3,750.00",80,84,1,6
2,TRANSFER,"2,750.00",82,85,1,6
2,TRANSFER,"1,700.00",83,86,1,6
2,TRANSFER,"3,300.00",81,87,1,6
2,TRANSFER,"3,750.00",84,88,1,6
2,TRANSFER,"2,500.00",84,85,1,6
2,TRANSFER,"2,750.00",85,89,1,6
2,TRANSFER,"2,500.00",85,86,1,6
2,TRANSFER,"4,200.00",86,90,1,6
2,TRANSFER,"3,300.00",87,91,1,6
2,TRANSFER,"3,300.00",91,90,1,6
2,TRANSFER,"3,500.00",90,89,1,6
2,TRANSFER,"3,000.00",90,92,1,6
2,TRANSFER,"3,750.00",88,93,1,6
2,TRANSFER,"6,252.00",89,94,1,6
2,TRANSFER,750,93,94,1,6
2,TRANSFER,"1,500.00",93,95,1,6
2,TRANSFER,"1,500.00",93,96,1,6
2,TRANSFER,"7,302.00",94,96,1,6
2,TRANSFER,"1,500.00",92,96,1,6
2,TRANSFER,"1,500.00",92,97,1,6
2,TRANSFER,750,95,98,1,6
2,TRANSFER,750,95,99,1,6
2,TRANSFER,"5,000.00",96,99,1,6
2,TRANSFER,"5,302.00",96,97,1,6
2,TRANSFER,"4,700.00",98,100,1,6
2,TRANSFER,"5,750.00",99,101,1,6
2,TRANSFER,"6,805.00",97,102,1,6
2,TRANSFER,"4,000.00",100,103,1,6
2,TRANSFER,700,100,104,1,6
2,TRANSFER,"4,750.00",101,104,1,6
2,TRANSFER,"3,805.00",102,105,1,6
2,TRANSFER,"6,255.00",103,106,1,6
2,TRANSFER,"7,255.00",104,107,1,6
2,TRANSFER,"2,255.00",107,103,1,6
2,TRANSFER,"2,500.00",107,110,1,6
2,TRANSFER,"2,500.00",107,105,1,6
2,TRANSFER,"1,805.00",105,104,1,6
2,TRANSFER,"4,500.00",105,109,1,6
2,TRANSFER,"4,500.00",109,110,1,6
2,TRANSFER,"4,500.00",110,111,1,6
2,TRANSFER,"6,255.00",106,108,1,6
2,TRANSFER,"3,000.00",108,111,1,6
4,CASH_OUT,"3,255.00",108,108,1,6
4,CASH_OUT,"5,000.00",111,111,1,6
1,CASH_IN,"4,000.00",112,112,1,7
1,CASH_IN,"6,000.00",113,113,1,7
1,CASH_IN,"6,000.00",114,114,1,7
1,CASH_IN,"2,000.00",115,115,1,7
2,TRANSFER,"2,000.00",112,116,1,7
2,TRANSFER,"2,000.00",112,117,1,7
2,TRANSFER,"2,000.00",113,118,1,7
2,TRANSFER,"2,000.00",113,117,1,7
2,TRANSFER,"2,000.00",113,119,1,7
2,TRANSFER,"2,000.00",114,119,1,7
2,TRANSFER,"2,000.00",114,120,1,7
2,TRANSFER,"2,000.00",114,121,1,7
2,TRANSFER,"1,000.00",116,122,1,7
2,TRANSFER,"1,000.00",116,123,1,7
2,TRANSFER,"2,500.00",118,124,1,7
2,TRANSFER,"4,000.00",117,123,1,7
2,TRANSFER,"4,000.00",119,124,1,7
2,TRANSFER,"2,000.00",120,125,1,7
2,TRANSFER,"1,000.00",121,125,1,7
2,TRANSFER,"1,000.00",121,126,1,7
2,TRANSFER,"1,000.00",121,127,1,7
2,TRANSFER,"3,500.00",122,128,1,7
2,TRANSFER,"2,500.00",123,129,1,7
2,TRANSFER,"6,500.00",124,129,1,7
2,TRANSFER,"1,500.00",128,129,1,7
2,TRANSFER,"3,000.00",125,130,1,7
2,TRANSFER,"1,000.00",126,131,1,7
2,TRANSFER,"2,000.00",127,131,1,7
2,TRANSFER,"2,000.00",128,132,1,7
2,TRANSFER,"7,500.00",129,132,1,7
2,TRANSFER,"3,000.00",129,130,1,7
2,TRANSFER,"6,000.00",130,133,1,7
2,TRANSFER,"3,000.00",131,135,1,7
2,TRANSFER,"6,500.00",132,136,1,7
2,TRANSFER,"3,000.00",132,133,1,7
2,TRANSFER,"6,000.00",133,137,1,7
2,TRANSFER,"6,500.00",133,138,1,7
2,TRANSFER,"1,500.00",134,133,1,7
2,TRANSFER,"1,500.00",135,134,1,7
2,TRANSFER,"2,500.00",135,138,1,7
2,TRANSFER,"6,000.00",136,140,1,7
2,TRANSFER,500,136,137,1,7
2,TRANSFER,"6,000.00",137,140,1,7
2,TRANSFER,500,137,138,1,7
2,TRANSFER,"4,500.00",138,141,1,7
2,TRANSFER,"5,000.00",138,139,1,7
2,TRANSFER,"6,000.00",140,142,1,7
2,TRANSFER,"4,000.00",140,143,1,7
2,TRANSFER,"2,500.00",141,143,1,7
2,TRANSFER,"2,000.00",141,144,1,7
2,TRANSFER,"4,000.00",139,144,1,7
2,TRANSFER,"1,000.00",139,145,1,7
2,TRANSFER,"2,000.00",140,145,1,7
2,TRANSFER,"6,000.00",142,146,1,7
2,TRANSFER,"4,000.00",143,147,1,7
2,TRANSFER,"6,000.00",144,146,1,7
2,TRANSFER,"1,000.00",145,147,1,7
2,TRANSFER,"2,000.00",146,147,1,7
2,TRANSFER,"4,000.00",146,148,1,7
2,TRANSFER,"3,000.00",147,148,1,7
4,CASH_OUT,"6,000.00",146,146,1,7
4,CASH_OUT,"4,000.00",147,147,1,7
4,CASH_OUT,"5,000.00",148,148,1,7
2,Transfer,3000,1,3,1,8
2,Transfer,4000,1,4,1,8
2,Transfer,6000,1,5,1,8
2,Transfer,7000,1,6,1,8
2,Transfer,3000,3,10,1,8
2,Transfer,4000,4,10,1,8
2,Transfer,6000,5,11,1,8
2,Transfer,7000,6,11,1,8
2,Transfer,7000,10,13,1,8
2,Transfer,13000,11,13,1,8
2,Transfer,4000,2,7,1,8
2,Transfer,6000,2,8,1,8
2,Transfer,7000,2,9,1,8
2,Transfer,4000,7,12,1,8
2,Transfer,6000,8,12,1,8
2,Transfer,7000,9,12,1,8
2,Transfer,9000,12,14,1,8
2,Transfer,8000,12,15,1,8
2,Transfer,9000,14,13,1,8
2,Transfer,8000,15,13,1,8
2,Transfer,6700,16,21,1,9
2,Transfer,7200,17,22,1,9
2,Transfer,6700,18,21,1,9
2,Transfer,4100,19,23,1,9
2,Transfer,3200,20,22,1,9
2,Transfer,6700,21,22,1,9
2,Transfer,6700,21,23,1,9
2,Transfer,4450,22,23,1,9
2,Transfer,4450,22,24,1,9
2,Transfer,5350,23,24,1,9
2,Transfer,9900,23,25,1,9
2,Transfer,9700,24,25,1,9
2,Transfer,2200,26,29,1,10
2,Transfer,1400,27,29,1,10
2,Transfer,1600,28,30,1,10
2,Transfer,3000,29,30,1,10
2,Transfer,600,29,31,1,10
2,Transfer,4600,30,31,1,10
2,Transfer,1100,31,32,1,10
2,Transfer,1400,31,33,1,10
2,Transfer,1300,31,34,1,10
2,Transfer,2400,31,35,1,10
1,CASH_IN,3200,31,31,1,11
1,CASH_IN,5500,32,32,1,11
1,CASH_IN,3300,33,33,1,11
2,TRANSFER,1100,31,34,1,11
2,TRANSFER,2100,31,35,1,11
2,TRANSFER,1100,32,36,1,11
2,TRANSFER,2200,32,37,1,11
2,TRANSFER,2200,32,38,1,11
2,TRANSFER,1800,33,39,1,11
2,TRANSFER,1500,33,40,1,11
2,TRANSFER,1100,34,41,1,11
2,TRANSFER,2100,35,42,1,11
2,TRANSFER,1100,36,41,1,11
2,TRANSFER,2200,37,42,1,11
2,TRANSFER,2200,38,43,1,11
2,TRANSFER,1800,39,43,1,11
2,TRANSFER,1500,40,43,1,11
2,TRANSFER,2200,41,44,1,11
2,TRANSFER,4300,42,45,1,11
2,TRANSFER,3700,43,46,1,11
2,TRANSFER,1800,43,44,1,11
2,TRANSFER,2000,44,47,1,11
2,TRANSFER,2000,44,48,1,11
2,TRANSFER,2000,45,48,1,11
2,TRANSFER,2000,45,49,1,11
2,TRANSFER,300,45,46,1,11
2,TRANSFER,2000,46,49,1,11
2,TRANSFER,2000,46,50,1,11
2,TRANSFER,1000,47,51,1,11
2,TRANSFER,1000,47,52,1,11
2,TRANSFER,1000,48,51,1,11
2,TRANSFER,3000,48,53,1,11
2,TRANSFER,3000,49,54,1,11
2,TRANSFER,1000,49,50,1,11
2,TRANSFER,1000,50,52,1,11
2,TRANSFER,2000,50,55,1,11
2,TRANSFER,2000,51,56,1,11
2,TRANSFER,2000,52,57,1,11
2,TRANSFER,3000,53,58,1,11
4,CASH_OUT,3000,54,59,1,11
4,CASH_OUT,2000,55,60,1,11
4,CASH_OUT,2000,58,63,1,11
2,TRANSFER,1000,58,57,1,11
2,TRANSFER,500,57,56,1,11
4,CASH_OUT,2500,57,62,1,11
4,CASH_OUT,2500,56,61,1,11
1,CASH_IN,50000,701,701,1,12
1,CASH_IN,60000,802,802,1,12
1,CASH_IN,50000,815,815,1,12
1,CASH_IN,60000,725,725,1,12
1,CASH_IN,40000,790,790,1,12
1,CASH_IN,40000,755,755,1,12
2,TRANSFER,25000,701,734,1,12
2,TRANSFER,15000,701,782,1,12
2,TRANSFER,5000,701,788,1,12
2,TRANSFER,5000,701,721,1,12
2,TRANSFER,30000,802,732,1,12
2,TRANSFER,30000,802,750,1,12
2,TRANSFER,50000,815,732,1,12
2,TRANSFER,40000,725,805,1,12
2,TRANSFER,20000,725,806,1,12
2,TRANSFER,20000,790,805,1,12
2,TRANSFER,20000,790,806,1,12
2,TRANSFER,40000,755,716,1,12
2,TRANSFER,10000,716,806,1,12
2,TRANSFER,30000,716,724,1,12
2,TRANSFER,60000,805,737,1,12
2,TRANSFER,50000,806,728,1,12
2,TRANSFER,30000,750,741,1,12
2,TRANSFER,80000,732,737,1,12
2,TRANSFER,5000,721,741,1,12
2,TRANSFER,5000,788,708,1,12
2,TRANSFER,15000,782,708,1,12
2,TRANSFER,25000,734,708,1,12
2,TRANSFER,45000,708,728,1,12
2,TRANSFER,50000,728,781,1,12
2,TRANSFER,30000,728,781,1,12
2,TRANSFER,45000,728,781,1,12
2,TRANSFER,40000,737,762,1,12
2,TRANSFER,40000,737,762,1,12
2,TRANSFER,35000,741,762,1,12
2,TRANSFER,80000,781,762,1,12
2,TRANSFER,45000,781,762,1,12
2,TRANSFER,80000,762,751,1,12
2,TRANSFER,45000,762,751,1,12
2,TRANSFER,35000,762,751,1,12
2,TRANSFER,70000,762,751,1,12
2,TRANSFER,70000,762,751,1,12
2,TRANSFER,100000,751,748,1,12
2,TRANSFER,100000,751,768,1,12
2,TRANSFER,100000,751,769,1,12
4,CASH_OUT,30000,769,769,1,12
4,CASH_OUT,30000,769,769,1,12
4,CASH_OUT,40000,769,769,1,12
4,CASH_OUT,50000,748,748,1,12
4,CASH_OUT,50000,748,748,1,12
4,CASH_OUT,20000,768,768,1,12
4,CASH_OUT,20000,768,768,1,12
4,CASH_OUT,25000,768,768,1,12
4,CASH_OUT,25000,768,768,1,12
4,CASH_OUT,10000,768,768,1,12
1,CASH_IN,20000,769,769,1,13
1,CASH_IN,25000,748,748,1,13
1,CASH_IN,10000,734,734,1,13
1,CASH_IN,15000,728,728,1,13
2,TRANSFER,20000,769,806,1,13
2,TRANSFER,25000,748,806,1,13
2,TRANSFER,10000,734,750,1,13
2,TRANSFER,5000,728,781,1,13
2,TRANSFER,5000,728,762,1,13
2,TRANSFER,5000,728,802,1,13
2,TRANSFER,10000,806,782,1,13
2,TRANSFER,15000,806,788,1,13
2,TRANSFER,5000,806,750,1,13
2,TRANSFER,15000,806,805,1,13
2,TRANSFER,15000,805,716,1,13
2,TRANSFER,10000,782,741,1,13
2,TRANSFER,10000,788,741,1,13
2,TRANSFER,5000,788,815,1,13
2,TRANSFER,15000,750,815,1,13
2,TRANSFER,5000,781,716,1,13
2,TRANSFER,10000,716,815,1,13
2,TRANSFER,10000,716,708,1,13
2,TRANSFER,5000,762,701,1,13
2,TRANSFER,5000,802,701,1,13
2,TRANSFER,20000,741,732,1,13
2,TRANSFER,30000,815,737,1,13
2,TRANSFER,30000,737,732,1,13
2,TRANSFER,5000,708,724,1,13
2,TRANSFER,5000,708,751,1,13
2,TRANSFER,5000,724,732,1,13
2,TRANSFER,35000,732,751,1,13
2,TRANSFER,40000,751,701,1,13
2,TRANSFER,20000,732,768,1,13
2,TRANSFER,20000,768,701,1,13
2,TRANSFER,20000,701,754,1,13
2,TRANSFER,15000,701,755,1,13
2,TRANSFER,10000,701,756,1,13
2,TRANSFER,20000,701,757,1,13
4,CASH_OUT,10000,754,754,1,13
4,CASH_OUT,10000,754,754,1,13
4,CASH_OUT,10000,756,756,1,13
4,CASH_OUT,5000,757,757,1,13
4,CASH_OUT,5000,757,757,1,13
4,CASH_OUT,5000,757,757,1,13
4,CASH_OUT,15000,755,755,1,13
4,CASH_OUT,5000,757,757,1,13
1,CASH_IN,20000,805,805,1,14
1,CASH_IN,15000,806,806,1,14
1,CASH_IN,30000,788,788,1,14
1,CASH_IN,10000,782,782,1,14
1,CASH_IN,10000,734,734,1,14
2,TRANSFER,10000,805,716,1,14
2,TRANSFER,5000,805,790,1,14
2,TRANSFER,5000,805,701,1,14
2,TRANSFER,7500,806,701,1,14
2,TRANSFER,7500,806,716,1,14
2,TRANSFER,30000,788,728,1,14
2,TRANSFER,10000,782,728,1,14
2,TRANSFER,7000,734,750,1,14
2,TRANSFER,3000,734,769,1,14
2,TRANSFER,10000,716,708,1,14
2,TRANSFER,7500,716,802,1,14
2,TRANSFER,5000,790,802,1,14
2,TRANSFER,12500,701,802,1,14
2,TRANSFER,5000,728,802,1,14
2,TRANSFER,15000,728,724,1,14
2,TRANSFER,10000,728,762,1,14
2,TRANSFER,5000,728,781,1,14
2,TRANSFER,5000,728,750,1,14
2,TRANSFER,5000,802,708,1,14
2,TRANSFER,20000,802,768,1,14
2,TRANSFER,5000,802,721,1,14
2,TRANSFER,15000,708,748,1,14
2,TRANSFER,15000,724,721,1,14
2,TRANSFER,10000,762,751,1,14
2,TRANSFER,3000,769,781,1,14
2,TRANSFER,12000,750,732,1,14
2,TRANSFER,8000,781,751,1,14
2,TRANSFER,15000,748,737,1,14
2,TRANSFER,20000,768,737,1,14
2,TRANSFER,20000,721,815,1,14
2,TRANSFER,18000,751,741,1,14
2,TRANSFER,12000,732,741,1,14
2,TRANSFER,35000,737,815,1,14
2,TRANSFER,55000,815,741,1,14
2,TRANSFER,45000,741,728,1,14
2,TRANSFER,40000,741,769,1,14
4,CASH_OUT,25000,769,769,1,14
4,CASH_OUT,15000,769,769,1,14
4,CASH_OUT,30000,748,748,1,14
4,CASH_OUT,15000,748,748,1,14
1,CASH_IN,50000,701,701,1,15
1,CASH_IN,60000,802,802,1,15
1,CASH_IN,50000,815,815,1,15
1,CASH_IN,60000,725,725,1,15
1,CASH_IN,40000,790,790,1,15
1,CASH_IN,40000,755,755,1,15
2,TRANSFER,25000,701,734,1,15
2,TRANSFER,15000,701,782,1,15
2,TRANSFER,5000,701,788,1,15
2,TRANSFER,5000,701,721,1,15
2,TRANSFER,30000,802,732,1,15
2,TRANSFER,30000,802,750,1,15
2,TRANSFER,50000,815,732,1,15
2,TRANSFER,40000,725,805,1,15
2,TRANSFER,20000,725,806,1,15
2,TRANSFER,20000,790,805,1,15
2,TRANSFER,20000,790,806,1,15
2,TRANSFER,40000,755,716,1,15
2,TRANSFER,10000,716,806,1,15
2,TRANSFER,30000,716,724,1,15
2,TRANSFER,60000,805,737,1,15
2,TRANSFER,50000,806,728,1,15
2,TRANSFER,30000,750,741,1,15
2,TRANSFER,80000,732,737,1,15
2,TRANSFER,5000,721,741,1,15
2,TRANSFER,5000,788,708,1,15
2,TRANSFER,15000,782,708,1,15
2,TRANSFER,25000,734,708,1,15
2,TRANSFER,45000,708,728,1,15
2,TRANSFER,50000,728,781,1,15
2,TRANSFER,30000,728,781,1,15
2,TRANSFER,45000,728,781,1,15
2,TRANSFER,40000,737,762,1,15
2,TRANSFER,40000,737,762,1,15
2,TRANSFER,35000,741,762,1,15
2,TRANSFER,80000,781,762,1,15
2,TRANSFER,45000,781,762,1,15
2,TRANSFER,80000,762,751,1,15
2,TRANSFER,45000,762,751,1,15
2,TRANSFER,35000,762,751,1,15
2,TRANSFER,70000,762,751,1,15
2,TRANSFER,70000,762,751,1,15
2,TRANSFER,100000,751,748,1,15
2,TRANSFER,100000,751,768,1,15
2,TRANSFER,100000,751,769,1,15
4,CASH_OUT,30000,769,769,1,15
4,CASH_OUT,30000,769,769,1,15
4,CASH_OUT,40000,769,769,1,15
4,CASH_OUT,50000,748,748,1,15
4,CASH_OUT,50000,748,748,1,15
4,CASH_OUT,20000,768,768,1,15
4,CASH_OUT,20000,768,768,1,15
4,CASH_OUT,25000,768,768,1,15
4,CASH_OUT,25000,768,768,1,15
4,CASH_OUT,10000,768,768,1,15
1,CASH_IN,1000,315,315,0,16
1,CASH_IN,6000,317,317,0,16
1,CASH_IN,2000,316,316,0,16
2,TRANSFER,1000,315,320,0,16
2,TRANSFER,3000,317,322,0,16
2,TRANSFER,3000,317,323,0,16
2,TRANSFER,2000,316,324,0,16
2,TRANSFER,1000,322,320,0,16
2,TRANSFER,500,323,324,0,16
2,TRANSFER,1500,320,327,0,16
2,TRANSFER,500,320,328,0,16
2,TRANSFER,1000,322,328,0,16
2,TRANSFER,1000,322,329,0,16
2,TRANSFER,500,323,329,0,16
2,TRANSFER,2000,323,330,0,16
2,TRANSFER,2500,324,331,0,16
2,TRANSFER,1500,327,333,0,16
2,TRANSFER,1500,328,333,0,16
2,TRANSFER,1500,329,334,0,16
2,TRANSFER,2000,330,350,0,16
2,TRANSFER,2500,331,350,0,16
2,TRANSFER,500,350,334,0,16
4,CASH_OUT,4000,350,361,0,16
4,CASH_OUT,2000,334,361,0,16
4,CASH_OUT,3000,333,361,0,16
1,CASH_IN,11000,303,303,0,17
2,TRANSFER,4000,303,356,0,17
2,TRANSFER,7000,303,357,0,17
2,TRANSFER,2000,356,358,0,17
2,TRANSFER,2000,356,359,0,17
2,TRANSFER,3000,357,359,0,17
2,TRANSFER,4000,357,360,0,17
2,TRANSFER,1000,359,358,0,17
2,TRANSFER,3000,358,361,0,17
2,TRANSFER,4000,359,362,0,17
2,TRANSFER,4000,360,363,0,17
2,TRANSFER,1000,363,362,0,17
2,TRANSFER,500,362,361,0,17
2,TRANSFER,3500,361,366,0,17
2,TRANSFER,2000,362,366,0,17
2,TRANSFER,2500,362,367,0,17
2,TRANSFER,3000,363,367,0,17
4,CASH_OUT,5500,366,368,0,17
4,CASH_OUT,5500,367,368,0,17
1,CASH_IN,2000,321,321,0,18
1,CASH_IN,3000,326,326,0,18
1,CASH_IN,2000,328,328,0,18
2,TRANSFER,2000,321,329,0,18
2,TRANSFER,1000,326,329,0,18
2,TRANSFER,2000,326,330,0,18
2,TRANSFER,2000,328,330,0,18
2,TRANSFER,1000,329,331,0,18
2,TRANSFER,1000,329,332,0,18
2,TRANSFER,1000,329,333,0,18
2,TRANSFER,1000,330,331,0,18
2,TRANSFER,1000,330,332,0,18
2,TRANSFER,2000,330,333,0,18
2,TRANSFER,2000,331,334,0,18
2,TRANSFER,1000,332,334,0,18
2,TRANSFER,1000,332,336,0,18
2,TRANSFER,3000,333,336,0,18
4,CASH_OUT,3000,334,337,0,18
4,CASH_OUT,4000,336,337,0,18
1,CASH_IN,1000,301,301,0,19
1,CASH_IN,2000,302,302,0,19
2,TRANSFER,1000,301,309,0,19
2,TRANSFER,1000,302,309,0,19
2,TRANSFER,1000,302,310,0,19
2,TRANSFER,2000,309,311,0,19
2,TRANSFER,1000,310,312,0,19
2,TRANSFER,500,311,312,0,19
2,TRANSFER,1500,311,319,0,19
2,TRANSFER,1500,312,321,0,19
4,CASH_OUT,1500,319,323,0,19
4,CASH_OUT,1500,321,323,0,19
1,CASH_IN,4000,306,306,0,20
1,CASH_IN,3000,307,307,0,20
2,TRANSFER,2000,306,308,0,20
2,TRANSFER,2000,306,309,0,20
2,TRANSFER,1000,307,310,0,20
2,TRANSFER,2000,307,311,0,20
2,TRANSFER,500,311,310,0,20
2,TRANSFER,2000,308,312,0,20
2,TRANSFER,2000,309,313,0,20
2,TRANSFER,1500,310,315,0,20
2,TRANSFER,1500,311,317,0,20
2,TRANSFER,1000,313,312,0,20
2,TRANSFER,3000,312,318,0,20
2,TRANSFER,2000,313,319,0,20
2,TRANSFER,1500,315,320,0,20
2,TRANSFER,1500,317,321,0,20
2,TRANSFER,1000,318,319,0,20
2,TRANSFER,2000,318,322,0,20
2,TRANSFER,1000,319,323,0,20
2,TRANSFER,2000,319,324,0,20
2,TRANSFER,1500,320,325,0,20
2,TRANSFER,1500,321,325,0,20
4,CASH_OUT,2000,322,326,0,20
4,CASH_OUT,1000,323,326,0,20
4,CASH_OUT,2000,324,327,0,20
4,CASH_OUT,3000,325,327,0,20
1,CASH_IN,500,380,380,0,21
1,CASH_IN,6000,381,381,0,21
1,CASH_IN,3500,382,382,0,21
2,TRANSFER,500,380,386,0,21
2,TRANSFER,3000,381,387,0,21
2,TRANSFER,3000,381,388,0,21
2,TRANSFER,3000,382,388,0,21
2,TRANSFER,500,382,389,0,21
2,TRANSFER,2500,387,386,0,21
2,TRANSFER,500,387,388,0,21
2,TRANSFER,3000,388,389,0,21
2,TRANSFER,3000,386,390,0,21
2,TRANSFER,3500,388,392,0,21
2,TRANSFER,3500,389,396,0,21
2,TRANSFER,2000,390,301,0,21
2,TRANSFER,1000,390,302,0,21
2,TRANSFER,1500,392,302,0,21
2,TRANSFER,2000,392,303,0,21
2,TRANSFER,2000,396,304,0,21
2,TRANSFER,1500,396,306,0,21
2,TRANSFER,2000,301,311,0,21
2,TRANSFER,1500,306,310,0,21
2,TRANSFER,500,304,310,0,21
4,CASH_OUT,2000,311,327,0,21
4,CASH_OUT,2000,303,309,0,21
4,CASH_OUT,1500,304,309,0,21
4,CASH_OUT,2000,310,327,0,21
4,CASH_OUT,2500,302,308,0,21
1,CASH_IN,4000,326,326,0,22
1,CASH_IN,3000,327,327,0,22
2,TRANSFER,4000,326,374,0,22
2,TRANSFER,1000,327,374,0,22
2,TRANSFER,2000,327,372,0,22
2,TRANSFER,2000,374,328,0,22
2,TRANSFER,1000,374,329,0,22
2,TRANSFER,2000,374,375,0,22
2,TRANSFER,2000,372,330,0,22
2,TRANSFER,1000,328,382,0,22
2,TRANSFER,1000,328,333,0,22
2,TRANSFER,500,329,386,0,22
2,TRANSFER,500,329,302,0,22
2,TRANSFER,2000,372,330,0,22
2,TRANSFER,1000,330,331,0,22
2,TRANSFER,1000,330,332,0,22
2,TRANSFER,500,331,302,0,22
2,TRANSFER,500,331,313,0,22
2,TRANSFER,1000,332,313,0,22
2,TRANSFER,1000,382,363,0,22
2,TRANSFER,1000,333,262,0,22
2,TRANSFER,500,386,363,0,22
2,TRANSFER,1000,302,398,0,22
2,TRANSFER,1500,313,396,0,22
4,CASH_OUT,2000,375,399,0,22
4,CASH_OUT,2500,363,306,0,22
4,CASH_OUT,500,398,306,0,22
4,CASH_OUT,500,398,318,0,22
4,CASH_OUT,1500,396,318,0,22
1,CASH_IN,5000,311,311,0,23
1,CASH_IN,6000,398,398,0,23
1,CASH_IN,4000,399,399,0,23
1,CASH_IN,5000,392,392,0,23
2,TRANSFER,5000,311,312,0,23
2,TRANSFER,6000,398,313,0,23
2,TRANSFER,4000,399,314,0,23
2,TRANSFER,5000,392,315,0,23
2,TRANSFER,3000,313,312,0,23
2,TRANSFER,3000,313,314,0,23
2,TRANSFER,1000,315,314,0,23
2,TRANSFER,3000,312,317,0,23
2,TRANSFER,5000,312,318,0,23
2,TRANSFER,5000,314,318,0,23
2,TRANSFER,2000,315,318,0,23
2,TRANSFER,2000,315,319,0,23
2,TRANSFER,1000,318,317,0,23
2,TRANSFER,2000,318,319,0,23
2,TRANSFER,2000,317,320,0,23
2,TRANSFER,2000,317,321,0,23
2,TRANSFER,9000,318,321,0,23
2,TRANSFER,2000,319,321,0,23
2,TRANSFER,2000,319,327,0,23
2,TRANSFER,2000,321,320,0,23
2,TRANSFER,2000,321,327,0,23
2,TRANSFER,1000,320,329,0,23
2,TRANSFER,3000,320,330,0,23
2,TRANSFER,4000,321,330,0,23
2,TRANSFER,6000,321,331,0,23
2,TRANSFER,1000,327,331,0,23
2,TRANSFER,3000,327,332,0,23
4,CASH_OUT,1000,329,342,0,23
4,CASH_OUT,7000,330,346,0,23
4,CASH_OUT,7000,331,342,0,23
4,CASH_OUT,3000,332,346,0,23
4,CASH_OUT,2000,314,346,0,23
1,CASH_IN,8000,328,328,0,24
1,CASH_IN,9000,342,342,0,24
2,TRANSFER,500,342,328,0,24
2,TRANSFER,4000,328,329,0,24
2,TRANSFER,4500,328,340,0,24
2,TRANSFER,4000,342,340,0,24
2,TRANSFER,4500,342,346,0,24
2,TRANSFER,4000,329,350,0,24
2,TRANSFER,4000,340,350,0,24
2,TRANSFER,2000,340,351,0,24
2,TRANSFER,2500,340,360,0,24
2,TRANSFER,2000,346,360,0,24
2,TRANSFER,2500,346,361,0,24
2,TRANSFER,6000,350,370,0,24
2,TRANSFER,2000,350,371,0,24
2,TRANSFER,4500,360,372,0,24
2,TRANSFER,2500,361,371,0,24
2,TRANSFER,6000,370,380,0,24
2,TRANSFER,4000,371,385,0,24
2,TRANSFER,4000,372,385,0,24
2,TRANSFER,500,372,386,0,24
2,TRANSFER,2500,373,386,0,24
2,TRANSFER,500,385,380,0,24
2,TRANSFER,500,385,386,0,24
4,CASH_OUT,6500,380,389,0,24
4,CASH_OUT,3500,385,389,0,24
4,CASH_OUT,3500,385,390,0,24
4,CASH_OUT,3500,386,390,0,24
1,CASH_IN,28000,363,363,0,25
2,TRANSFER,8000,363,301,0,25
2,TRANSFER,6000,363,302,0,25
2,TRANSFER,5000,363,303,0,25
2,TRANSFER,9000,363,304,0,25
2,TRANSFER,3000,302,301,0,25
2,TRANSFER,11000,301,318,0,25
2,TRANSFER,3000,302,308,0,25
2,TRANSFER,3000,303,307,0,25
2,TRANSFER,2000,303,306,0,25
2,TRANSFER,9000,304,306,0,25
2,TRANSFER,1000,307,308,0,25
4,CASH_OUT,4000,308,313,0,25
2,TRANSFER,2000,307,312,0,25
2,TRANSFER,5000,306,310,0,25
2,TRANSFER,6000,306,311,0,25
2,TRANSFER,5000,318,312,0,25
4,CASH_OUT,7000,312,326,0,25
2,TRANSFER,3000,310,327,0,25
2,TRANSFER,2000,310,328,0,25
4,CASH_OUT,6000,311,329,0,25
4,CASH_OUT,6000,318,320,0,25
4,CASH_OUT,3000,327,340,0,25
4,CASH_OUT,2000,328,340,0,25
1,CASH_IN,5000,27,27,1,26
1,CASH_IN,5000,28,28,1,26
1,CASH_IN,10000,29,29,1,26
1,CASH_IN,20000,30,30,1,26
2,TRANSFER,5000,27,32,1,26
2,TRANSFER,5000,28,33,1,26
2,TRANSFER,10000,29,32,1,26
2,TRANSFER,20000,30,31,1,26
2,TRANSFER,5000,33,34,1,26
2,TRANSFER,15000,32,34,1,26
2,TRANSFER,20000,31,36,1,26
2,TRANSFER,20000,34,35,1,26
2,TRANSFER,5000,35,36,1,26
2,TRANSFER,5000,35,37,1,26
2,TRANSFER,10000,35,38,1,26
2,TRANSFER,10000,38,37,1,26
2,TRANSFER,6250,36,39,1,26
2,TRANSFER,6250,36,40,1,26
2,TRANSFER,6250,36,41,1,26
2,TRANSFER,6250,36,42,1,26
2,TRANSFER,15000,37,50,1,26
2,TRANSFER,3125,39,43,1,26
2,TRANSFER,3125,39,44,1,26
2,TRANSFER,1250,40,45,1,26
2,TRANSFER,1250,40,46,1,26
2,TRANSFER,1250,40,47,1,26
2,TRANSFER,1250,40,48,1,26
2,TRANSFER,1250,40,49,1,26
2,TRANSFER,6250,41,42,1,26
2,TRANSFER,5000,50,51,1,26
2,TRANSFER,5000,50,52,1,26
2,TRANSFER,5000,50,53,1,26
2,TRANSFER,5000,51,54,1,26
2,TRANSFER,5000,52,54,1,26
2,TRANSFER,5000,53,55,1,26
2,TRANSFER,10000,54,55,1,26
2,TRANSFER,15000,55,56,1,26
2,TRANSFER,3125,43,57,1,26
2,TRANSFER,3125,44,57,1,26
2,TRANSFER,1250,45,57,1,26
2,TRANSFER,1250,46,57,1,26
2,TRANSFER,8750,57,61,1,26
2,TRANSFER,625,47,58,1,26
2,TRANSFER,625,47,59,1,26
2,TRANSFER,1250,48,60,1,26
2,TRANSFER,1250,49,60,1,26
2,TRANSFER,2500,60,67,1,26
2,TRANSFER,10000,61,67,1,26
2,TRANSFER,5500,56,62,1,26
2,TRANSFER,5500,56,63,1,26
2,TRANSFER,5500,56,64,1,26
2,TRANSFER,5500,56,65,1,26
2,TRANSFER,5500,56,66,1,26
2,TRANSFER,5500,65,76,1,26
2,TRANSFER,5500,66,76,1,26
2,TRANSFER,2500,68,73,1,26
2,TRANSFER,2500,69,73,1,26
2,TRANSFER,2500,70,74,1,26
2,TRANSFER,2500,71,74,1,26
2,TRANSFER,2500,72,74,1,26
2,TRANSFER,5500,62,75,1,26
2,TRANSFER,5500,63,75,1,26
2,TRANSFER,5500,64,75,1,26
2,TRANSFER,5500,65,76,1,26
2,TRANSFER,5500,66,76,1,26
2,TRANSFER,16500,75,78,1,26
2,TRANSFER,11000,76,78,1,26
2,TRANSFER,5000,73,77,1,26
2,TRANSFER,7500,74,77,1,26
2,TRANSFER,27500,78,79,1,26
2,TRANSFER,12500,77,80,1,26
2,TRANSFER,27500,79,80,1,26
4,CASH_OUT,27500,80,80,1,26
1,CASH_IN,1000,2,2,1,27
1,CASH_IN,1000,3,3,1,27
1,CASH_IN,1000,4,4,1,27
1,CASH_IN,1000,5,5,1,27
1,CASH_IN,1000,6,6,1,27
2,TRANSFER,1000,4,4,1,27
2,TRANSFER,500,6,7,1,27
2,TRANSFER,500,7,8,1,27
2,TRANSFER,500,6,9,1,27
2,TRANSFER,500,9,10,1,27
2,TRANSFER,500,10,11,1,27
2,TRANSFER,500,11,8,1,27
2,TRANSFER,1000,5,12,1,27
2,TRANSFER,1000,8,12,1,27
2,TRANSFER,1000,3,12,1,27
2,TRANSFER,2000,2,12,1,27
2,TRANSFER,1500,12,13,1,27
2,TRANSFER,1500,12,14,1,27
2,TRANSFER,1500,12,15,1,27
2,TRANSFER,500,12,19,1,27
2,TRANSFER,1500,15,16,1,27
2,TRANSFER,1500,13,17,1,27
2,TRANSFER,1500,17,20,1,27
2,TRANSFER,1500,14,19,1,27
2,TRANSFER,1500,16,18,1,27
2,TRANSFER,1500,18,20,1,27
2,TRANSFER,2000,19,21,1,27
2,TRANSFER,3000,20,21,1,27
4,CASH_OUT,1000,21,22,1,27
4,CASH_OUT,1000,21,23,1,27
4,CASH_OUT,1000,21,24,1,27
4,CASH_OUT,1000,21,25,1,27
4,CASH_OUT,1000,21,26,1,27
1,CASH_IN,100500,679,679,1,28
2,TRANSFER,12562.5,679,899,1,28
2,TRANSFER,12562.5,679,194,1,28
2,TRANSFER,12562.5,679,183,1,28
2,TRANSFER,12562.5,679,929,1,28
2,TRANSFER,12562.5,679,822,1,28
2,TRANSFER,12562.5,679,918,1,28
2,TRANSFER,12562.5,679,199,1,28
2,TRANSFER,12562.5,679,182,1,28
2,TRANSFER,3140.62,182,238,1,28
2,TRANSFER,3140.62,182,892,1,28
2,TRANSFER,3140.62,182,112,1,28
2,TRANSFER,3140.62,182,233,1,28
2,TRANSFER,6281.25,194,830,1,28
2,TRANSFER,6281.25,194,133,1,28
2,TRANSFER,6281.25,830,235,1,28
2,TRANSFER,6281.25,133,235,1,28
4,CASH_OUT,12562.5,235,235,1,28
2,TRANSFER,3140.62,238,699,1,28
2,TRANSFER,3140.62,892,699,1,28
2,TRANSFER,3140.62,112,699,1,28
2,TRANSFER,3140.62,233,699,1,28
2,TRANSFER,12562.5,929,699,1,28
2,TRANSFER,25125,699,990,1,28
2,TRANSFER,25125,990,123,1,28
2,TRANSFER,25125,123,235,1,28
4,CASH_OUT,25125,235,235,1,28
2,TRANSFER,12562.5,899,235,1,28
2,TRANSFER,12562.5,194,235,1,28
2,TRANSFER,12562.5,183,235,1,28
2,TRANSFER,12562.5,822,235,1,28
2,TRANSFER,12562.5,199,245,1,28
2,TRANSFER,4187.5,245,156,1,28
2,TRANSFER,4187.5,245,197,1,28
2,TRANSFER,4187.5,245,235,1,28
2,TRANSFER,4187.5,156,235,1,28
2,TRANSFER,4187.5,197,235,1,28
2,TRANSFER,4187.5,235,235,1,28
2,TRANSFER,75375,235,827,1,28
4,CASH_OUT,75375,827,827,1,28
2,TRANSFER,3000,1,3,1,29
2,TRANSFER,4000,1,4,1,29
2,TRANSFER,6000,1,5,1,29
2,TRANSFER,7000,1,6,1,29
2,TRANSFER,3000,3,10,1,29
2,TRANSFER,4000,4,10,1,29
2,TRANSFER,6000,5,11,1,29
2,TRANSFER,7000,6,11,1,29
2,TRANSFER,7000,10,13,1,29
2,TRANSFER,13000,11,13,1,29
2,TRANSFER,4000,2,7,1,29
2,TRANSFER,6000,2,8,1,29
2,TRANSFER,7000,2,9,1,29
2,TRANSFER,4000,7,12,1,29
2,TRANSFER,6000,8,12,1,29
2,TRANSFER,7000,9,12,1,29
2,TRANSFER,9000,12,14,1,29
2,TRANSFER,8000,12,15,1,29
2,TRANSFER,9000,14,13,1,29
2,TRANSFER,8000,15,13,1,29
2,TRANSFER,6700,16,21,1,30
2,TRANSFER,7200,17,22,1,30
2,TRANSFER,6700,18,21,1,30
2,TRANSFER,4100,19,23,1,30
2,TRANSFER,3200,20,22,1,30
2,TRANSFER,6700,21,22,1,30
2,TRANSFER,6700,21,23,1,30
2,TRANSFER,4450,22,23,1,30
2,TRANSFER,4450,22,24,1,30
2,TRANSFER,5350,23,24,1,30
2,TRANSFER,9900,23,25,1,30
2,TRANSFER,9700,24,25,1,30
2,TRANSFER,2200,26,29,1,31
2,TRANSFER,1400,27,29,1,31
2,TRANSFER,1600,28,30,1,31
2,TRANSFER,3000,29,30,1,31
2,TRANSFER,600,29,31,1,31
2,TRANSFER,4600,30,31,1,31
2,TRANSFER,1100,31,32,1,31
2,TRANSFER,1400,31,33,1,31
2,TRANSFER,1300,31,34,1,31
2,TRANSFER,2400,31,35,1,31
1,CASH_IN,11000,73,73,1,32
1,CASH_IN,9000,74,74,1,32
1,CASH_IN,5000,75,75,1,32
2,TRANSFER,3000,73,76,1,32
2,TRANSFER,3000,73,77,1,32
2,TRANSFER,3000,73,78,1,32
2,TRANSFER,2000,73,79,1,32
2,TRANSFER,3000,74,80,1,32
2,TRANSFER,3000,74,81,1,32
2,TRANSFER,3000,75,82,1,32
2,TRANSFER,2000,75,83,1,32
2,TRANSFER,3000,76,84,1,32
2,TRANSFER,3000,77,84,1,32
2,TRANSFER,3000,78,85,1,32
2,TRANSFER,2000,79,85,1,32
2,TRANSFER,3000,80,86,1,32
2,TRANSFER,3000,81,86,1,32
2,TRANSFER,3000,82,87,1,32
2,TRANSFER,2000,83,87,1,32
2,TRANSFER,6000,84,88,1,32
2,TRANSFER,1000,88,85,1,32
2,TRANSFER,5000,85,89,1,32
2,TRANSFER,1000,85,90,1,32
2,TRANSFER,4000,86,90,1,32
2,TRANSFER,2000,86,91,1,32
2,TRANSFER,3000,87,91,1,32
4,CASH_OUT,2000,87,92,1,32
4,CASH_OUT,2500,88,93,1,32
4,CASH_OUT,2500,88,94,1,32
1,TRANSFER,1300,89,95,1,32
1,TRANSFER,3700,89,96,1,32
1,TRANSFER,3700,91,97,1,32
1,TRANSFER,1300,91,98,1,32
1,TRANSFER,1300,95,99,1,32
1,TRANSFER,3700,96,100,1,32
1,TRANSFER,3700,97,99,1,32
1,TRANSFER,1300,98,100,1,32
4,CASH_OUT,2500,99,101,1,32
4,CASH_OUT,2500,99,102,1,32
4,CASH_OUT,2000,100,103,1,32
4,CASH_OUT,3000,100,104,1,32
1,CASH_IN,11000,73,73,1,33
1,CASH_IN,9000,74,74,1,33
1,CASH_IN,5000,75,75,1,33
2,TRANSFER,3000,73,76,1,33
2,TRANSFER,3000,73,77,1,33
2,TRANSFER,3000,73,78,1,33
2,TRANSFER,2000,73,79,1,33
2,TRANSFER,3000,74,80,1,33
2,TRANSFER,3000,74,81,1,33
2,TRANSFER,3000,75,82,1,33
2,TRANSFER,2000,75,83,1,33
2,TRANSFER,3000,76,84,1,33
2,TRANSFER,3000,77,84,1,33
2,TRANSFER,3000,78,85,1,33
2,TRANSFER,2000,79,85,1,33
2,TRANSFER,3000,80,86,1,33
2,TRANSFER,3000,81,86,1,33
2,TRANSFER,3000,82,87,1,33
2,TRANSFER,2000,83,87,1,33
2,TRANSFER,6000,84,88,1,33
2,TRANSFER,1000,88,85,1,33
2,TRANSFER,5000,85,89,1,33
2,TRANSFER,1000,85,90,1,33
2,TRANSFER,4000,86,90,1,33
2,TRANSFER,2000,86,91,1,33
2,TRANSFER,3000,87,91,1,33
4,CASH_OUT,2000,87,92,1,33
4,CASH_OUT,2500,88,93,1,33
4,CASH_OUT,2500,88,94,1,33
2,TRANSFER,1300,89,95,1,33
2,TRANSFER,3700,89,96,1,33
2,TRANSFER,3700,91,97,1,33
2,TRANSFER,1300,91,98,1,33
2,TRANSFER,1300,95,99,1,33
2,TRANSFER,3700,96,100,1,33
2,TRANSFER,3700,97,99,1,33
2,TRANSFER,1300,98,100,1,33
4,CASH_OUT,2500,99,101,1,33
4,CASH_OUT,2500,99,102,1,33
4,CASH_OUT,2000,100,103,1,33
4,CASH_OUT,3000,100,104,1,33
1,CASH_IN,990,601,601,1,34
1,CASH_IN,1560,602,602,1,34
1,CASH_IN,600,603,603,1,34
1,CASH_IN,300,604,604,1,34
1,CASH_IN,380,605,605,1,34
1,CASH_IN,200,606,606,1,34
1,CASH_IN,200,607,607,1,34
1,CASH_IN,350,608,608,1,34
1,CASH_IN,300,609,609,1,34
1,CASH_IN,700,610,610,1,34
1,CASH_IN,3185,611,611,1,34
1,CASH_IN,1500,612,612,1,34
1,CASH_IN,900,613,613,1,34
1,CASH_IN,950,614,614,1,34
2,TRASFER,4450,651,652,1,34
2,TRASFER,4450,650,652,1,34
2,TRASFER,2350,647,650,1,34
2,TRASFER,2100,648,650,1,34
2,TRASFER,1350,648,651,1,34
2,TRASFER,3100,649,651,1,34
2,TRASFER,1033,646,649,1,34
2,TRASFER,1033,645,649,1,34
2,TRASFER,1034,644,649,1,34
2,TRASFER,1350,643,648,1,34
2,TRASFER,2100,642,648,1,34
2,TRASFER,1250,640,647,1,34
2,TRASFER,1100,641,647,1,34
2,TRASFER,600,639,646,1,34
2,TRASFER,434,638,646,1,34
2,TRASFER,700,637,645,1,34
2,TRASFER,333,636,645,1,34
2,TRASFER,1033,635,644,1,34
2,TRASFER,2100,634,643,1,34
2,TRASFER,1350,634,642,1,34
2,TRASFER,600,633,641,1,34
2,TRASFER,500,632,641,1,34
2,TRASFER,500,631,640,1,34
2,TRASFER,750,630,640,1,34
2,TRASFER,600,629,639,1,34
2,TRASFER,234,629,638,1,34
2,TRASFER,200,628,638,1,34
2,TRASFER,500,628,637,1,34
2,TRASFER,333,627,637,1,34
2,TRASFER,200,627,636,1,34
2,TRASFER,1033,626,635,1,34
2,TRASFER,700,626,634,1,34
2,TRASFER,2000,625,634,1,34
2,TRASFER,750,624,634,1,34
2,TRASFER,200,623,633,1,34
2,TRASFER,400,622,633,1,34
2,TRASFER,220,621,632,1,34
2,TRASFER,150,620,632,1,34
2,TRASFER,130,619,632,1,34
2,TRASFER,300,619,631,1,34
2,TRASFER,100,618,631,1,34
2,TRASFER,100,618,631,1,34
2,TRASFER,300,617,630,1,34
2,TRASFER,230,616,630,1,34
2,TRASFER,220,615,630,1,34
2,TRASFER,400,614,629,1,34
2,TRASFER,434,613,629,1,34
2,TRASFER,300,614,628,1,34
2,TRASFER,400,613,628,1,34
2,TRASFER,533,612,627,1,34
2,TRASFER,700,612,626,1,34
2,TRASFER,1033,611,626,1,34
2,TRASFER,2000,611,625,1,34
2,TRASFER,150,611,624,1,34
2,TRASFER,600,610,624,1,34
2,TRASFER,100,610,623,1,34
2,TRASFER,100,609,623,1,34
2,TRASFER,200,609,622,1,34
2,TRASFER,200,608,622,1,34
2,TRASFER,110,608,621,1,34
2,TRASFER,110,607,621,1,34
2,TRASFER,40,607,620,1,34
2,TRASFER,110,606,620,1,34
2,TRASFER,110,606,619,1,34
2,TRASFER,320,605,619,1,34
2,TRASFER,50,605,618,1,34
2,TRASFER,50,604,618,1,34
2,TRASFER,150,604,617,1,34
2,TRASFER,500,603,617,1,34
2,TRASFER,300,602,617,1,34
2,TRASFER,600,602,616,1,34
2,TRASFER,480,602,615,1,34
2,TRASFER,960,601,615,1,34
4,CASH_OUT,9900,652,652,1,34
1,CASH_IN,7000,796,796,1,35
1,CASH_IN,4000,797,797,1,35
1,CASH_IN,6000,798,798,1,35
1,CASH_IN,1300,799,799,1,35
1,CASH_IN,1900,800,800,1,35
1,CASH_IN,2100,801,801,1,35
1,CASH_IN,3600,802,802,1,35
1,CASH_IN,5100,803,803,1,35
1,CASH_IN,4500,804,804,1,35
1,CASH_IN,6200,805,805,1,35
2,TRANSFER,7000,796,806,1,35
2,TRANSFER,7000,797,806,1,35
2,TRANSFER,4000,798,806,1,35
2,TRANSFER,6000,799,807,1,35
2,TRANSFER,1300,800,807,1,35
2,TRANSFER,1900,801,807,1,35
2,TRANSFER,2100,802,808,1,35
2,TRANSFER,3600,803,808,1,35
2,TRANSFER,5100,804,808,1,35
2,TRANSFER,4500,805,808,1,35
2,TRANSFER,9000,806,809,1,35
2,TRANSFER,9000,806,810,1,35
2,TRANSFER,4200,807,811,1,35
2,TRANSFER,5000,807,812,1,35
2,TRANSFER,6600,808,813,1,35
2,TRANSFER,8700,808,814,1,35
2,TRANSFER,9000,809,815,1,35
2,TRANSFER,9000,810,816,1,35
2,TRANSFER,9000,815,816,1,35
2,TRANSFER,4200,811,817,1,35
2,TRANSFER,5000,812,818,1,35
2,TRANSFER,4200,817,818,1,35
2,TRANSFER,6600,813,819,1,35
2,TRANSFER,8700,814,820,1,35
2,TRANSFER,8700,820,819,1,35
2,TRANSFER,18000,816,821,1,35
2,TRANSFER,9200,818,821,1,35
2,TRANSFER,15300,819,821,1,35
4,CASH_OUT,12000,821,821,1,35
4,CASH_OUT,18000,821,821,1,35
4,CASH_OUT,9000,821,821,1,35
4,CASH_OUT,3500,821,821,1,35
1,CASH_IN,10000,754,754,1,36
1,CASH_IN,15000,755,755,1,36
1,CASH_IN,10000,756,756,1,36
1,CASH_IN,15000,757,757,1,36
2,TRANSFER,5000,754,732,1,36
2,TRANSFER,5000,754,708,1,36
2,TRANSFER,15000,755,708,1,36
2,TRANSFER,2500,756,762,1,36
2,TRANSFER,2500,756,802,1,36
2,TRANSFER,2500,756,728,1,36
2,TRANSFER,2500,756,737,1,36
2,TRANSFER,15000,757,782,1,36
2,TRANSFER,2500,762,708,1,36
2,TRANSFER,5000,732,805,1,36
2,TRANSFER,15000,708,805,1,36
2,TRANSFER,7500,708,716,1,36
2,TRANSFER,2500,802,716,1,36
2,TRANSFER,20000,805,750,1,36
2,TRANSFER,10000,716,750,1,36
2,TRANSFER,2500,728,751,1,36
2,TRANSFER,2500,737,751,1,36
2,TRANSFER,5000,751,750,1,36
2,TRANSFER,35000,750,782,1,36
2,TRANSFER,15000,782,768,1,36
2,TRANSFER,20000,782,741,1,36
2,TRANSFER,15000,782,815,1,36
2,TRANSFER,15000,768,701,1,36
2,TRANSFER,20000,741,781,1,36
2,TRANSFER,15000,815,781,1,36
2,TRANSFER,15000,701,724,1,36
2,TRANSFER,35000,781,724,1,36
4,CASH_OUT,50000,724,724,1,36
1,CASH_IN,220,822,822,0,37
1,CASH_IN,210,823,823,0,37
1,CASH_IN,590,825,825,0,37
1,CASH_IN,680,826,826,0,37
1,CASH_IN,370,832,832,0,37
1,CASH_IN,860,833,833,0,37
1,CASH_IN,190,835,835,0,37
2,TRANSFER,120,822,823,0,37
2,TRANSFER,230,823,824,0,37
2,TRANSFER,360,825,824,0,37
2,TRANSFER,180,825,832,0,37
2,TRANSFER,280,824,826,0,37
2,TRANSFER,200,824,827,0,37
2,TRANSFER,310,826,832,0,37
2,TRANSFER,50,827,828,0,37
2,TRANSFER,60,827,829,0,37
2,TRANSFER,40,827,830,0,37
2,TRANSFER,30,829,830,0,37
2,TRANSFER,10,829,832,0,37
2,TRANSFER,20,829,833,0,37
2,TRANSFER,20,830,831,0,37
2,TRANSFER,30,830,833,0,37
2,TRANSFER,20,830,834,0,37
2,TRANSFER,410,832,835,0,37
2,TRANSFER,580,833,835,0,37
2,TRANSFER,10,834,835,0,37
5,PURCHASE,800,835,904,0,37
2,TRANSFER,7770,836,837,0,38
2,TRANSFER,7770,836,838,0,38
2,TRANSFER,7770,836,839,0,38
2,TRANSFER,5550,836,840,0,38
2,TRANSFER,5550,836,841,0,38
2,TRANSFER,5550,836,842,0,38
2,TRANSFER,5550,836,843,0,38
2,TRANSFER,5550,836,844,0,38
2,TRANSFER,5550,836,845,0,38
2,TRANSFER,5550,836,846,0,38
2,TRANSFER,3340,836,847,0,38
2,TRANSFER,3340,836,848,0,38
2,TRANSFER,3340,836,849,0,38
2,TRANSFER,3340,836,850,0,38
2,TRANSFER,3340,836,851,0,38
2,TRANSFER,3340,836,852,0,38
2,TRANSFER,3340,836,853,0,38
2,TRANSFER,5700,837,854,0,38
2,TRANSFER,4100,838,855,0,38
2,TRANSFER,3210,839,855,0,38
2,TRANSFER,3420,839,856,0,38
2,TRANSFER,2710,840,857,0,38
2,TRANSFER,1790,850,857,0,38
2,TRANSFER,810,850,858,0,38
2,TRANSFER,3180,851,858,0,38
2,TRANSFER,1870,854,859,0,38
2,TRANSFER,1280,854,860,0,38
2,TRANSFER,2100,855,861,0,38
2,TRANSFER,1780,855,862,0,38
2,TRANSFER,890,856,863,0,38
2,TRANSFER,720,856,864,0,38
2,TRANSFER,2200,857,865,0,38
2,TRANSFER,1100,857,866,0,38
2,TRANSFER,700,858,867,0,38
2,TRANSFER,910,858,868,0,38
2,TRANSFER,1230,851,869,0,38
2,TRANSFER,230,851,870,0,38
2,TRANSFER,120,851,871,0,38
2,TRANSFER,310,851,872,0,38
2,TRANSFER,400,852,873,0,38
2,TRANSFER,700,852,874,0,38
2,TRANSFER,200,852,875,0,38
2,TRANSFER,100,852,876,0,38
2,TRANSFER,600,852,877,0,38
2,TRANSFER,800,853,878,0,38
2,TRANSFER,180,853,879,0,38
2,TRANSFER,190,853,880,0,38
2,TRANSFER,210,853,881,0,38
2,TRANSFER,300,853,882,0,38
2,TRANSFER,200,853,883,0,38
1,CASH_IN,900,884,884,0,39
1,CASH_IN,780,891,891,0,39
1,CASH_IN,630,898,898,0,39
2,TRANSFER,870,884,885,0,39
2,TRANSFER,800,885,886,0,39
2,TRANSFER,320,886,887,0,39
2,TRANSFER,450,886,888,0,39
2,TRANSFER,210,887,889,0,39
2,TRANSFER,100,887,890,0,39
2,TRANSFER,430,888,889,0,39
2,TRANSFER,210,889,890,0,39
2,TRANSFER,230,889,894,0,39
2,TRANSFER,200,889,897,0,39
2,TRANSFER,300,890,897,0,39
2,TRANSFER,500,891,892,0,39
2,TRANSFER,270,891,893,0,39
2,TRANSFER,210,892,894,0,39
2,TRANSFER,290,892,895,0,39
2,TRANSFER,110,893,896,0,39
2,TRANSFER,120,893,897,0,39
2,TRANSFER,400,894,897,0,39
2,TRANSFER,250,895,897,0,39
2,TRANSFER,100,896,897,0,39
2,TRANSFER,850,897,904,0,39
2,TRANSFER,320,898,899,0,39
2,TRANSFER,310,898,900,0,39
2,TRANSFER,310,899,902,0,39
2,TRANSFER,300,900,901,0,39
2,TRANSFER,280,901,903,0,39
2,TRANSFER,310,902,903,0,39
2,TRANSFER,580,903,904,0,39
5,PURCHASE,1400,904,905,0,39
1,CASH_IN,1700,905,905,0,40
1,CASH_IN,1300,906,906,0,40
1,CASH_IN,900,907,907,0,40
1,CASH_IN,810,908,908,0,40
1,CASH_IN,760,909,909,0,40
1,CASH_IN,810,910,910,0,40
1,CASH_IN,980,911,911,0,40
1,CASH_IN,1410,912,912,0,40
1,CASH_IN,1710,913,913,0,40
1,CASH_IN,1830,914,914,0,40
1,CASH_IN,1900,915,915,0,40
1,CASH_IN,2100,916,916,0,40
2,TRANSFER,1500,905,917,0,40
2,TRANSFER,1100,906,917,0,40
2,TRANSFER,700,907,917,0,40
2,TRANSFER,1410,912,917,0,40
2,TRANSFER,1500,913,917,0,40
2,TRANSFER,1700,914,917,0,40
2,TRANSFER,700,908,918,0,40
2,TRANSFER,700,909,918,0,40
2,TRANSFER,500,910,918,0,40
2,TRANSFER,900,911,919,0,40
2,TRANSFER,1800,915,919,0,40
2,TRANSFER,2000,916,919,0,40
2,TRANSFER,3300,917,920,0,40
2,TRANSFER,650,917,921,0,40
2,TRANSFER,900,918,922,0,40
2,TRANSFER,800,918,923,0,40
2,TRANSFER,2000,919,923,0,40
2,TRANSFER,2500,919,924,0,40
2,TRANSFER,3000,920,925,0,40
2,TRANSFER,650,921,925,0,40
2,TRANSFER,2500,923,925,0,40
2,TRANSFER,900,922,926,0,40
2,TRANSFER,2500,924,926,0,40
5,PURCHASE,6000,925,910,0,40
5,PURCHASE,3000,926,911,0,40
1,CASH_IN,7949,927,927,0,41
1,CASH_IN,8150,927,927,0,41
1,CASH_IN,7403,927,927,0,41
1,CASH_IN,2079,927,927,0,41
1,CASH_IN,2189,927,927,0,41
1,CASH_IN,7140,927,927,0,41
1,CASH_IN,8573,927,927,0,41
1,CASH_IN,4054,927,927,0,41
1,CASH_IN,7411,927,927,0,41
1,CASH_IN,3983,927,927,0,41
2,TRANSFER,2223,927,928,0,41
2,TRANSFER,1215,927,929,0,41
2,TRANSFER,2557,927,930,0,41
2,TRANSFER,831,927,931,0,41
2,TRANSFER,4015,927,932,0,41
2,TRANSFER,2443,927,933,0,41
2,TRANSFER,1579,927,934,0,41
2,TRANSFER,4041,927,935,0,41
2,TRANSFER,2713,927,936,0,41
2,TRANSFER,2200,927,937,0,41
2,TRANSFER,1929,927,938,0,41
2,TRANSFER,2799,927,939,0,41
2,TRANSFER,1894,927,940,0,41
2,TRANSFER,771,927,941,0,41
2,TRANSFER,2975,927,942,0,41
2,TRANSFER,2772,927,943,0,41
2,TRANSFER,3390,927,944,0,41
2,TRANSFER,984,927,945,0,41
2,TRANSFER,1288,927,946,0,41
2,TRANSFER,1087,927,947,0,41
2,TRANSFER,3069,927,948,0,41
2,TRANSFER,917,927,949,0,41
2,TRANSFER,1404,927,950,0,41
2,TRANSFER,1384,927,951,0,41
2,TRANSFER,1176,927,952,0,41
2,TRANSFER,3106,927,953,0,41
2,TRANSFER,3976,927,954,0,41
2,TRANSFER,1898,928,955,0,41
2,TRANSFER,963,929,955,0,41
2,TRANSFER,2218,930,955,0,41
2,TRANSFER,464,931,955,0,41
2,TRANSFER,3759,932,955,0,41
2,TRANSFER,2049,933,956,0,41
2,TRANSFER,1279,934,956,0,41
2,TRANSFER,3891,935,956,0,41
2,TRANSFER,2573,936,956,0,41
2,TRANSFER,1973,937,956,0,41
2,TRANSFER,1551,938,956,0,41
2,TRANSFER,2657,939,957,0,41
2,TRANSFER,1558,940,957,0,41
2,TRANSFER,526,941,957,0,41
2,TRANSFER,2651,942,957,0,41
2,TRANSFER,2719,943,957,0,41
2,TRANSFER,3373,944,957,0,41
2,TRANSFER,683,945,958,0,41
2,TRANSFER,1037,946,958,0,41
2,TRANSFER,882,947,958,0,41
2,TRANSFER,3018,948,958,0,41
2,TRANSFER,520,949,958,0,41
2,TRANSFER,1303,950,959,0,41
2,TRANSFER,1028,951,959,0,41
2,TRANSFER,856,952,959,0,41
2,TRANSFER,3096,953,959,0,41
2,TRANSFER,3777,954,959,0,41
2,TRANSFER,9302,955,960,0,41
2,TRANSFER,9800,956,960,0,41
2,TRANSFER,9700,957,960,0,41
2,TRANSFER,6140,958,960,0,41
2,TRANSFER,9999,959,960,0,41
5,PURCHASE,44941,960,908,0,41
1,CASH_IN,4400,961,961,0,42
2,TRANSFER,4300,961,962,0,42
2,TRANSFER,4100,962,964,0,42
2,TRANSFER,1000,964,963,0,42
2,TRANSFER,1800,964,965,0,42
2,TRANSFER,1300,964,915,0,42
2,TRANSFER,1100,965,966,0,42
2,TRANSFER,700,965,969,0,42
2,TRANSFER,700,966,967,0,42
2,TRANSFER,400,966,968,0,42
2,TRANSFER,430,967,969,0,42
2,TRANSFER,270,967,914,0,42
2,TRANSFER,400,968,973,0,42
2,TRANSFER,230,969,970,0,42
2,TRANSFER,200,969,913,0,42
2,TRANSFER,110,970,971,0,42
2,TRANSFER,90,970,972,0,42
2,TRANSFER,30,970,912,0,42
2,TRANSFER,90,972,973,0,42
2,TRANSFER,400,973,974,0,42
2,TRANSFER,120,974,975,0,42
2,TRANSFER,280,974,920,0,42
2,TRANSFER,50,975,976,0,42
2,TRANSFER,70,975,917,0,42
2,TRANSFER,20,976,977,0,42
2,TRANSFER,20,976,978,0,42
1,CASH_IN,7000,864,864,0,43
2,TRANSFER,6700,864,865,0,43
2,TRANSFER,2300,865,812,0,43
2,TRANSFER,1400,865,866,0,43
2,TRANSFER,3000,865,867,0,43
2,TRANSFER,800,866,819,0,43
2,TRANSFER,600,866,871,0,43
2,TRANSFER,2700,867,868,0,43
2,TRANSFER,340,868,899,0,43
2,TRANSFER,460,868,870,0,43
2,TRANSFER,1700,868,869,0,43
2,TRANSFER,1600,869,870,0,43
2,TRANSFER,900,870,814,0,43
2,TRANSFER,700,870,871,0,43
2,TRANSFER,1200,871,872,0,43
2,TRANSFER,1100,872,873,0,43
2,TRANSFER,400,873,802,0,43
2,TRANSFER,700,873,874,0,43
1,CASH_IN,1200,701,701,0,44
1,CASH_IN,3900,705,705,0,44
2,TRANSFER,2527,701,702,0,44
2,TRANSFER,12408,702,704,0,44
2,TRANSFER,10470,703,704,0,44
2,TRANSFER,4565,704,706,0,44
2,TRANSFER,12399,704,705,0,44
2,TRANSFER,9390,704,706,0,44
2,TRANSFER,5586,705,708,0,44
2,TRANSFER,10858,706,709,0,44
2,TRANSFER,784,706,710,0,44
2,TRANSFER,11744,709,715,0,44
2,TRANSFER,1583,710,712,0,44
2,TRANSFER,9729,710,715,0,44
2,TRANSFER,2431,708,707,0,44
2,TRANSFER,3170,707,711,0,44
2,TRANSFER,3415,708,711,0,44
2,TRANSFER,3565,711,714,0,44
2,TRANSFER,661,714,713,0,44
2,TRANSFER,3003,713,716,0,44
1,CASH_IN,8456,601,601,0,45
1,CASH_IN,4045,602,602,0,45
1,CASH_IN,7115,604,604,0,45
1,CASH_IN,5933,606,606,0,45
1,CASH_IN,1517,608,608,0,45
1,CASH_IN,11387,611,611,0,45
1,CASH_IN,1714,618,618,0,45
1,CASH_IN,5547,619,619,0,45
2,TRANSFER,4180,601,602,0,45
2,TRANSFER,939,602,603,0,45
2,TRANSFER,836,603,604,0,45
2,TRANSFER,5570,603,605,0,45
2,TRANSFER,6213,605,606,0,45
2,TRANSFER,264,606,618,0,45
2,TRANSFER,7804,606,607,0,45
2,TRANSFER,4944,606,613,0,45
2,TRANSFER,10038,607,608,0,45
2,TRANSFER,11156,608,619,0,45
2,TRANSFER,241,608,609,0,45
2,TRANSFER,878,609,610,0,45
2,TRANSFER,5985,609,617,0,45
2,TRANSFER,5552,617,616,0,45
2,TRANSFER,352,616,615,0,45
2,TRANSFER,1398,615,614,0,45
2,TRANSFER,11001,614,613,0,45
2,TRANSFER,8864,613,612,0,45
2,TRANSFER,3164,612,611,0,45
